<?xml version="1.0" encoding="UTF-8"?>

<mule xmlns:json="http://www.mulesoft.org/schema/mule/json" xmlns:scripting="http://www.mulesoft.org/schema/mule/scripting" xmlns:http="http://www.mulesoft.org/schema/mule/http" xmlns="http://www.mulesoft.org/schema/mule/core" xmlns:doc="http://www.mulesoft.org/schema/mule/documentation"
	xmlns:spring="http://www.springframework.org/schema/beans" 
	xmlns:xsi="http://www.w3.org/2001/XMLSchema-instance"
	xsi:schemaLocation="http://www.springframework.org/schema/beans http://www.springframework.org/schema/beans/spring-beans-current.xsd
http://www.mulesoft.org/schema/mule/core http://www.mulesoft.org/schema/mule/core/current/mule.xsd
http://www.mulesoft.org/schema/mule/http http://www.mulesoft.org/schema/mule/http/current/mule-http.xsd
http://www.mulesoft.org/schema/mule/json http://www.mulesoft.org/schema/mule/json/current/mule-json.xsd
http://www.mulesoft.org/schema/mule/scripting http://www.mulesoft.org/schema/mule/scripting/current/mule-scripting.xsd">
    <http:listener-config name="HTTP_Listener_Configuration" host="0.0.0.0" port="8081" doc:name="HTTP Listener Configuration"/>
    <http:request-config name="HTTP_Request_Configuration" host="api.wunderground.com" port="80" basePath="/api" doc:name="HTTP Request Configuration"/>
    <flow name="mstestFlow">
        <http:listener config-ref="HTTP_Listener_Configuration" path="/" doc:name="HTTP"/>
        <http:request config-ref="HTTP_Request_Configuration" path="/661bb5eaddc8a469/conditions/q/CO/Denver.json" method="GET" doc:name="Weather Underground"/>
        <response>
            <scripting:transformer doc:name="JavaScript">
                <scripting:script engine="JavaScript"><![CDATA[var r = JSON.parse(payload);
payload = "The temperature in " + r.current_observation.display_location.full + " is " + r.current_observation.temp_f + " degrees fahrenheit.";
]]></scripting:script>
            </scripting:transformer>
        </response>
        <object-to-string-transformer doc:name="Object to String"/>
    </flow>
</mule>
